{
  "animationsystem.dll": {
    "AnimationSystemUtils_001": 8332728,
    "AnimationSystem_001": 8299728
  },
  "client.dll": {
    "ClientToolsInfo_001": 33939616,
    "EmptyWorldService001_Client": 33652560,
    "GameClientExports001": 33926528,
    "LegacyGameUI001": 34047472,
    "Source2Client002": 36720240,
    "Source2ClientConfig001": 36212416,
    "Source2ClientPrediction001": 33970688,
    "Source2ClientUI001": 34041472
  },
  "engine2.dll": {
    "BenchmarkService001": 6371440,
    "BugService001": 9211120,
    "ClientServerEngineLoopService_001": 9479056,
    "EngineGameUI001": 6361776,
    "EngineServiceMgr001": 9477184,
    "GameEventSystemClientV001": 9477920,
    "GameEventSystemServerV001": 9478224,
    "GameResourceServiceClientV001": 6371696,
    "GameResourceServiceServerV001": 6371792,
    "GameUIService_001": 9212192,
    "HostStateMgr001": 6373872,
    "INETSUPPORT_001": 6342880,
    "InputService_001": 9212944,
    "KeyValueCache001": 6374048,
    "MapListService_001": 9470592,
    "NetworkClientService_001": 9470992,
    "NetworkP2PService_001": 9471824,
    "NetworkServerService_001": 9472256,
    "NetworkService_001": 6372160,
    "RenderService_001": 9472880,
    "ScreenshotService001": 9473584,
    "SimpleEngineLoopService_001": 6374144,
    "SoundService_001": 6372224,
    "Source2EngineToClient001": 6360016,
    "Source2EngineToClientStringTable001": 6360112,
    "Source2EngineToServer001": 6360232,
    "Source2EngineToServerStringTable001": 6360272,
    "SplitScreenService_001": 6372960,
    "StatsService_001": 9474544,
    "ToolService_001": 6373408,
    "VENGINE_GAMEUIFUNCS_VERSION005": 6361920,
    "VProfService_001": 6373472
  },
  "filesystem_stdio.dll": {
    "VAsyncFileSystem2_001": 2181488,
    "VFileSystem017": 2180912
  },
  "host.dll": {
    "DebugDrawQueueManager001": 1282080,
    "GameModelInfo001": 1282144,
    "GameSystem2HostHook": 1282208,
    "HostUtils001": 1337312,
    "PredictionDiffManager001": 1282480,
    "SaveRestoreDataVersion001": 1282784,
    "SinglePlayerSharedMemory001": 1282832,
    "Source2Host001": 1282944
  },
  "imemanager.dll": {
    "IMEManager001": 223904
  },
  "inputsystem.dll": {
    "InputStackSystemVersion001": 277968,
    "InputSystemVersion001": 285392
  },
  "localize.dll": {
    "Localize_001": 359968
  },
  "matchmaking.dll": {
    "GameTypes001": 1802240,
    "MATCHFRAMEWORK_001": 1835696
  },
  "materialsystem2.dll": {
    "FontManager_001": 1459568,
    "MaterialUtils_001": 1361344,
    "PostProcessingSystem_001": 1361104,
    "TextLayout_001": 1361232,
    "VMaterialSystem2_001": 1457792
  },
  "meshsystem.dll": {
    "MeshSystem001": 1377952
  },
  "navsystem.dll": {
    "NavSystem001": 1206752
  },
  "networksystem.dll": {
    "FlattenedSerializersVersion001": 2598752,
    "NetworkMessagesVersion001": 2762880,
    "NetworkSystemVersion001": 2703136,
    "SerializedEntitiesVersion001": 2703376
  },
  "panorama.dll": {
    "PanoramaUIEngine001": 5274800
  },
  "panorama_text_pango.dll": {
    "PanoramaTextServices001": 2853312
  },
  "panoramauiclient.dll": {
    "PanoramaUIClient001": 2708352
  },
  "particles.dll": {
    "ParticleSystemMgr003": 5377648
  },
  "pulse_system.dll": {
    "IPulseSystem_001": 2041456
  },
  "rendersystemdx11.dll": {
    "RenderDeviceMgr001": 4402480,
    "RenderUtils_001": 4404776,
    "VRenderDeviceMgrBackdoor001": 4402640
  },
  "resourcesystem.dll": {
    "ResourceSystem013": 532448
  },
  "scenefilecache.dll": {
    "ResponseRulesCache001": 897424,
    "SceneFileCache002": 897728
  },
  "scenesystem.dll": {
    "RenderingPipelines_001": 6666944,
    "SceneSystem_002": 9240224,
    "SceneUtils_001": 6670800
  },
  "schemasystem.dll": {
    "SchemaSystem_001": 485168
  },
  "server.dll": {
    "EmptyWorldService001_Server": 28785584,
    "EntitySubclassUtilsV001": 28438816,
    "NavGameTest001": 29481048,
    "ServerToolsInfo_001": 29158136,
    "Source2GameClients001": 29145968,
    "Source2GameDirector001": 30792224,
    "Source2GameEntities001": 29155840,
    "Source2Server001": 29155424,
    "Source2ServerConfig001": 31795256,
    "customnavsystem001": 28303096
  },
  "soundsystem.dll": {
    "SoundOpSystem001": 5192352,
    "SoundOpSystemEdit001": 5192064,
    "SoundSystem001": 5190768,
    "VMixEditTool001": 93614847
  },
  "steamaudio.dll": {
    "SteamAudio001": 2475072
  },
  "steamclient64.dll": {
    "IVALIDATE001": 23523496,
    "SteamClient006": 23512496,
    "SteamClient007": 23512504,
    "SteamClient008": 23512512,
    "SteamClient009": 23512520,
    "SteamClient010": 23512528,
    "SteamClient011": 23512536,
    "SteamClient012": 23512544,
    "SteamClient013": 23512552,
    "SteamClient014": 23512560,
    "SteamClient015": 23512568,
    "SteamClient016": 23512576,
    "SteamClient017": 23512584,
    "SteamClient018": 23512592,
    "SteamClient019": 23512600,
    "SteamClient020": 23512608,
    "SteamClient021": 23512616,
    "SteamClient022": 23512624,
    "SteamClient023": 23512632,
    "p2pvoice002": 21909103,
    "p2pvoicesingleton002": 23363824
  },
  "tier0.dll": {
    "TestScriptMgr001": 3769888,
    "VEngineCvar007": 3814320,
    "VProcessUtils002": 3769792,
    "VStringTokenSystem001": 3973264
  },
  "v8system.dll": {
    "Source2V8System001": 202416
  },
  "vphysics2.dll": {
    "VPhysics2_Handle_Interface_001": 4194592,
    "VPhysics2_Interface_001": 4194656
  },
  "vscript.dll": {
    "VScriptManager010": 1291152
  },
  "vstdlib_s64.dll": {
    "IVALIDATE001": 453008,
    "VEngineCvar002": 446576
  },
  "worldrenderer.dll": {
    "WorldRendererMgr001": 2181632
  }
}