{
  "client.dll": {
    "dwCSGOInput": 36790112,
    "dwEntityList": 38449592,
    "dwGameEntitySystem": 38449592,
    "dwGameEntitySystem_highestEntityIndex": 8352,
    "dwGameRules": 36740768,
    "dwGlobalVars": 33924480,
    "dwGlowManager": 36727976,
    "dwLocalPlayerController": 36635016,
    "dwLocalPlayerPawn": 33970928,
    "dwPlantedC4": 36779776,
    "dwPrediction": 33970688,
    "dwSensitivity": 36730808,
    "dwSensitivity_sensitivity": 88,
    "dwViewAngles": 36791784,
    "dwViewMatrix": 36749024,
    "dwViewRender": 36750072,
    "dwWeaponC4": 36262000
  },
  "engine2.dll": {
    "dwBuildNumber": 6345988,
    "dwNetworkGameClient": 9471152,
    "dwNetworkGameClient_clientTickCount": 888,
    "dwNetworkGameClient_deltaTick": 588,
    "dwNetworkGameClient_isBackgroundMap": 2888735,
    "dwNetworkGameClient_localPlayer": 248,
    "dwNetworkGameClient_maxClients": 576,
    "dwNetworkGameClient_serverTickCount": 588,
    "dwNetworkGameClient_signOnState": 560,
    "dwWindowHeight": 9488492,
    "dwWindowWidth": 9488488
  },
  "inputsystem.dll": {
    "dwInputSystem": 285392
  },
  "matchmaking.dll": {
    "dwGameTypes": 1802240
  },
  "soundsystem.dll": {
    "dwSoundSystem": 5190768,
    "dwSoundSystem_engineViewData": 124
  }
}